t,iq_ref,iq_meas,id_ref,id_meas,vd,vq,elec
0.0,-6.38,0.04,-6.33,0.81,0.0,0.0,0.0
0.0011439323425292969,-6.37,0.1,-6.31,0.89,177.31,165.13,1.1846
0.0019986629486083984,-6.46,0.13,-6.39,0.92,178.57,166.2,1.185
0.0027534961700439453,-6.42,0.17,-6.36,0.9,179.83,167.54,1.1855
0.003504037857055664,-6.35,0.13,-6.29,0.93,181.08,169.69,1.1863
0.004239082336425781,-6.37,0.12,-6.31,0.92,182.34,169.69,1.1863
0.0049610137939453125,-6.44,0.12,-6.36,0.99,183.59,171.03,1.1868
0.005750894546508789,-6.43,0.14,-6.35,1.03,184.85,171.3,1.1869
0.006413698196411133,-6.4,0.09,-6.33,0.93,186.11,172.11,1.1872
0.0070743560791015625,-6.4,0.13,-6.32,1.01,187.36,174.26,1.188
0.007722377777099609,-6.4,0.11,-6.32,1.01,188.62,174.79,1.1882
0.008367538452148438,-6.38,0.09,-6.31,0.92,189.88,175.87,1.1886
0.009018898010253906,-6.4,0.08,-6.34,0.89,191.13,178.01,1.1894
0.009663105010986328,-6.29,-0.01,-6.24,0.74,192.39,179.62,1.19
0.010309934616088867,-6.37,0.05,-6.32,0.75,193.65,181.5,1.1907
0.010953664779663086,-6.32,0.01,-6.28,0.66,194.9,183.92,1.1916
0.011618852615356445,-6.38,-0.02,-6.35,0.61,196.16,185.8,1.1923
0.012328386306762695,-6.49,0.05,-6.47,0.59,197.42,187.41,1.1929
0.013019800186157227,-6.4,-0.03,-6.39,0.4,198.67,190.36,1.194
0.01369023323059082,-6.44,-0.03,-6.43,0.35,199.93,193.05,1.195
0.014355182647705078,-6.45,-0.05,-6.44,0.18,201.19,195.19,1.1958
0.015015840530395508,-6.39,-0.05,-6.39,0.09,202.44,198.68,1.1971
0.015665769577026367,-6.38,-0.07,-6.38,0.0,203.7,201.37,1.1981
0.016313791275024414,-6.37,-0.03,-6.37,-0.03,204.96,203.78,1.199
0.016954660415649414,-6.47,0.02,-6.47,-0.04,206.21,206.2,1.1999
0.017599821090698242,-6.44,0.0,-6.44,-0.12,207.47,208.62,1.2008
0.018261194229125977,-6.45,-0.01,-6.45,-0.13,208.73,210.76,1.2016
0.018920421600341797,-6.4,-0.09,-6.4,-0.18,209.98,211.84,1.202
0.019570589065551758,-6.38,-0.17,-6.38,-0.18,211.24,212.64,1.2023
0.020212888717651367,-6.47,-0.13,-6.47,-0.08,212.5,212.64,1.2023
0.020854473114013672,-6.42,-0.21,-6.43,-0.04,213.76,212.91,1.2024
0.021505355834960938,-6.41,-0.23,-6.42,0.06,215.01,212.37,1.2022
0.022437572479248047,-6.39,-0.31,-6.39,0.11,216.27,211.57,1.2019
0.023104429244995117,-6.5,-0.36,-6.51,0.24,217.53,210.76,1.2016
0.023743629455566406,-6.55,-0.37,-6.55,0.42,218.78,209.42,1.2011
0.024396181106567383,-6.42,-0.52,-6.43,0.31,220.04,207.81,1.2005
0.025066137313842773,-6.42,-0.56,-6.43,0.4,221.3,208.35,1.2007
0.025708436965942383,-6.37,-0.65,-6.4,0.36,222.55,207.54,1.2004
0.026360273361206055,-6.31,-0.71,-6.34,0.33,223.81,207.81,1.2005
0.026999950408935547,-6.35,-0.75,-6.39,0.3,225.07,208.62,1.2008
0.027638912200927734,-6.31,-0.81,-6.36,0.27,226.32,209.69,1.2012
0.028319597244262695,-6.26,-0.84,-6.32,0.23,227.58,210.5,1.2015
0.029004335403442383,-6.31,-0.89,-6.37,0.18,228.84,211.84,1.202
0.02967524528503418,-6.13,-0.85,-6.19,0.23,230.1,213.18,1.2025
0.030351877212524414,-6.22,-0.84,-6.28,0.25,231.35,213.72,1.2027
0.031032562255859375,-6.21,-0.86,-6.27,0.27,232.61,215.06,1.2032
0.031746864318847656,-6.25,-0.87,-6.3,0.22,233.87,215.6,1.2034
0.0325772762298584,-6.14,-0.9,-6.2,0.21,235.12,217.74,1.2042
0.0332796573638916,-6.16,-0.84,-6.21,0.3,236.38,218.28,1.2044
0.03397965431213379,-6.14,-0.89,-6.2,0.23,237.64,219.09,1.2047
0.03469085693359375,-6.16,-0.85,-6.22,0.25,238.89,220.7,1.2053
0.03536033630371094,-6.1,-0.87,-6.16,0.2,240.15,222.31,1.2059
0.03603172302246094,-6.1,-0.89,-6.16,0.14,241.41,223.92,1.2065
0.03669142723083496,-6.05,-0.91,-6.12,0.07,242.67,225.8,1.2072
0.03733944892883301,-6.07,-0.89,-6.13,0.06,243.92,227.68,1.2079
0.03799700736999512,-6.02,-0.97,-6.09,-0.09,245.18,229.56,1.2086
0.03883504867553711,-6.15,-0.93,-6.22,-0.12,246.44,231.97,1.2095
0.03995108604431152,-6.04,-1.01,-6.11,-0.25,247.69,234.66,1.2105
0.04108405113220215,-6.03,-0.98,-6.1,-0.36,248.95,236.53,1.2112
0.041794538497924805,-5.99,-1.0,-6.06,-0.45,250.21,240.02,1.2125
0.04248857498168945,-6.01,-1.0,-6.07,-0.61,251.46,242.44,1.2134
0.043242454528808594,-6.01,-0.97,-6.05,-0.7,252.72,246.2,1.2148
0.043892621994018555,-6.07,-0.95,-6.09,-0.81,253.98,249.42,1.216
0.04474234580993652,-6.01,-0.84,-6.02,-0.79,255.23,252.91,1.2173
0.04542708396911621,-6.03,-0.77,-6.03,-0.79,256.49,255.59,1.2183
0.046213626861572266,-6.1,-0.66,-6.1,-0.67,257.75,258.01,1.2192
0.047783851623535156,-6.09,-0.53,-6.08,-0.61,259.01,259.08,1.2196
0.048666954040527344,-5.96,-0.4,-5.96,-0.4,260.26,261.5,1.2205
0.04952096939086914,-6.01,-0.34,-6.01,-0.35,261.52,261.5,1.2205
0.05018472671508789,-5.99,-0.27,-5.99,-0.23,262.78,262.84,1.221
0.051020145416259766,-6.01,-0.24,-6.02,-0.13,264.03,263.38,1.2212
0.05168509483337402,-6.04,-0.17,-6.04,0.02,265.29,263.38,1.2212
0.05243039131164551,-6.01,-0.23,-6.02,-0.06,266.55,263.38,1.2212
0.05315876007080078,-6.08,-0.18,-6.08,0.07,267.8,264.99,1.2218
0.05422854423522949,-6.03,-0.13,-6.03,0.14,269.06,264.72,1.2217
0.05490422248840332,-5.93,-0.18,-5.93,0.12,270.32,265.8,1.2221
0.05583310127258301,-5.99,-0.18,-5.99,0.14,271.57,266.33,1.2223
0.0567164421081543,-5.92,-0.18,-5.92,0.15,272.83,267.41,1.2227
0.05745577812194824,-5.95,-0.17,-5.95,0.16,274.09,268.48,1.2231
0.058402299880981445,-5.88,-0.12,-5.88,0.24,275.35,269.55,1.2235
0.059065818786621094,-5.92,-0.09,-5.91,0.26,276.6,270.36,1.2238
0.05979728698730469,-5.99,-0.1,-5.98,0.22,277.86,271.7,1.2243
0.0605466365814209,-5.92,-0.11,-5.91,0.23,279.12,273.58,1.225
0.06123185157775879,-5.94,-0.05,-5.94,0.24,280.37,274.39,1.2253
0.06191873550415039,-5.93,-0.07,-5.93,0.24,281.63,276.53,1.2261
0.06261634826660156,-5.99,-0.06,-5.99,0.28,282.89,277.61,1.2265
0.06331968307495117,-5.98,-0.07,-5.98,0.21,284.14,278.41,1.2268
0.063995361328125,-5.96,-0.07,-5.96,0.2,285.4,280.56,1.2276
0.06466436386108398,-5.88,-0.04,-5.88,0.21,286.66,281.9,1.2281
0.06533956527709961,-6.0,-0.06,-6.0,0.17,287.91,283.51,1.2287
0.0662527084350586,-5.96,-0.04,-5.96,0.15,289.17,285.12,1.2293
0.06690740585327148,-6.0,-0.07,-6.0,0.03,290.43,287.0,1.23
0.06756711006164551,-6.0,-0.08,-6.0,-0.03,291.69,289.96,1.2311
0.06822538375854492,-6.09,-0.06,-6.09,-0.08,292.94,292.1,1.2319
0.06887483596801758,-5.94,-0.08,-5.94,-0.1,294.2,294.52,1.2328
0.06954073905944824,-6.05,-0.09,-6.04,-0.29,295.46,295.86,1.2333
0.07018709182739258,-6.07,-0.11,-6.06,-0.4,296.71,299.89,1.2348
0.07082962989807129,-6.0,-0.03,-5.98,-0.39,297.97,302.84,1.2359
0.07148146629333496,-5.99,0.0,-5.97,-0.51,299.23,305.26,1.2368
0.07219982147216797,-6.12,0.05,-6.1,-0.47,300.48,309.02,1.2382
0.07307219505310059,-6.09,0.15,-6.07,-0.45,301.74,310.36,1.2387
0.07384443283081055,-6.09,0.18,-6.08,-0.43,303.0,313.04,1.2397
0.07456350326538086,-6.11,0.24,-6.1,-0.46,304.26,314.38,1.2402
0.07530617713928223,-6.09,0.3,-6.09,-0.36,305.51,317.07,1.2412
0.07605576515197754,-6.06,0.29,-6.06,-0.33,306.77,317.87,1.2415
0.07671475410461426,-6.17,0.2,-6.16,-0.36,308.03,318.41,1.2417
0.07736825942993164,-6.09,0.17,-6.08,-0.26,309.28,318.41,1.2417
0.07802391052246094,-6.0,0.16,-6.0,-0.21,310.54,317.87,1.2415
0.07867956161499023,-6.09,0.06,-6.08,-0.22,311.8,318.14,1.2416
0.07932925224304199,-6.05,0.01,-6.05,-0.09,313.05,317.87,1.2415
0.0800008773803711,-6.01,-0.06,-6.01,-0.05,314.31,315.99,1.2408
0.08064842224121094,-6.16,-0.08,-6.16,-0.01,315.57,315.46,1.2406
0.08129167556762695,-6.14,-0.18,-6.15,-0.06,316.82,315.73,1.2407
0.08194255828857422,-6.1,-0.25,-6.1,0.0,318.08,316.26,1.2409
0.0825960636138916,-6.09,-0.37,-6.1,-0.12,319.34,315.19,1.2405
0.08324623107910156,-6.1,-0.39,-6.11,-0.04,320.6,316.53,1.241
0.08389544486999512,-6.06,-0.48,-6.08,-0.11,321.85,316.26,1.2409
0.08454132080078125,-6.12,-0.52,-6.15,-0.14,323.11,317.07,1.2412
0.08519268035888672,-6.09,-0.53,-6.11,-0.09,324.37,318.14,1.2416
0.085845947265625,-6.01,-0.54,-6.03,-0.1,325.62,318.41,1.2417
0.08650493621826172,-5.97,-0.53,-5.99,0.0,326.88,319.48,1.2421
0.08715987205505371,-5.95,-0.52,-5.97,0.01,-327.22,319.22,1.242
0.08780956268310547,-6.0,-0.59,-6.03,-0.03,-325.97,320.29,1.2424
0.08846282958984375,-6.0,-0.56,-6.03,0.08,-324.71,321.36,1.2428
0.08921599388122559,-6.02,-0.6,-6.05,0.05,-323.45,321.1,1.2427
0.0898747444152832,-5.99,-0.59,-6.02,0.11,-322.2,322.17,1.2431
0.09052515029907227,-5.98,-0.54,-6.01,0.12,-320.94,322.71,1.2433
0.09118819236755371,-5.88,-0.43,-5.89,0.26,-319.68,324.59,1.244
0.09193706512451172,-5.98,-0.59,-6.01,0.17,-318.42,325.12,1.2442
0.09269547462463379,-6.04,-0.62,-6.07,0.14,-317.17,325.39,1.2443
0.09335041046142578,-6.0,-0.59,-6.03,0.17,-315.91,326.73,1.2448
0.09400582313537598,-5.88,-0.55,-5.91,0.15,-314.65,-327.28,1.2453
0.0946509838104248,-5.95,-0.58,-5.98,0.12,-313.4,-325.41,1.246
0.09529972076416016,-5.93,-0.61,-5.96,0.09,-312.14,-324.06,1.2465
0.09596800804138184,-5.99,-0.62,-6.03,0.0,-310.88,-322.72,1.247
0.09661984443664551,-5.84,-0.58,-5.87,0.03,-309.63,-320.04,1.248
0.09726929664611816,-5.85,-0.51,-5.87,0.03,-308.37,-318.96,1.2484
0.0979158878326416,-6.0,-0.58,-6.03,-0.07,-307.11,-316.55,1.2493
0.09856295585632324,-5.96,-0.58,-5.99,-0.12,-305.85,-314.4,1.2501
0.09921789169311523,-5.92,-0.55,-5.94,-0.18,-304.6,-312.25,1.2509
0.09987711906433105,-6.0,-0.51,-6.02,-0.11,-303.34,-309.57,1.2519
0.1005239486694336,-5.89,-0.41,-5.9,-0.12,-302.08,-308.76,1.2522
0.1011800765991211,-6.02,-0.48,-6.04,-0.27,-300.83,-305.81,1.2533
0.10182547569274902,-6.0,-0.42,-6.01,-0.27,-299.57,-303.12,1.2543
0.10248684883117676,-5.95,-0.36,-5.95,-0.24,-298.31,-300.71,1.2552
0.10317587852478027,-5.97,-0.24,-5.97,-0.16,-297.06,-299.1,1.2558
0.10382533073425293,-6.0,-0.22,-6.0,-0.09,-295.8,-297.22,1.2565
0.1044762134552002,-6.07,-0.13,-6.07,-0.04,-294.54,-296.68,1.2567
0.10512328147888184,-5.98,-0.07,-5.98,0.0,-293.29,-294.8,1.2574
0.10583376884460449,-6.06,-0.01,-6.06,0.11,-292.03,-293.46,1.2579
0.10651922225952148,-6.06,-0.06,-6.06,0.01,-290.77,-292.92,1.2581
0.10718536376953125,-6.06,0.02,-6.05,0.24,-289.51,-290.78,1.2589
0.10787701606750488,-6.02,0.1,-6.01,0.36,-288.26,-291.85,1.2585
0.10854959487915039,-6.04,0.13,-6.03,0.42,-287.0,-291.31,1.2587
0.10921454429626465,-6.13,0.1,-6.12,0.4,-285.74,-290.51,1.259
0.10988378524780273,-6.05,0.12,-6.03,0.51,-284.49,-289.43,1.2594
0.11053323745727539,-6.14,0.08,-6.12,0.51,-283.23,-289.7,1.2593
0.11203193664550781,-6.01,0.22,-5.99,0.59,-281.97,-288.9,1.2596
0.11395096778869629,-6.08,0.12,-6.05,0.57,-280.72,-287.02,1.2603
0.11595940589904785,-6.14,0.23,-6.1,0.72,-279.46,-286.75,1.2604
0.11791181564331055,-6.09,0.22,-6.05,0.68,-278.2,-286.21,1.2606
0.1198890209197998,-6.03,0.18,-5.99,0.7,-276.95,-284.6,1.2612
0.12189793586730957,-6.18,0.25,-6.13,0.78,-275.69,-284.33,1.2613
0.12392234802246094,-6.12,0.28,-6.07,0.81,-274.43,-282.99,1.2618
0.12587857246398926,-6.12,0.22,-6.08,0.77,-273.17,-281.92,1.2622
0.12784671783447266,-6.15,0.28,-6.09,0.91,-271.92,-280.84,1.2626
0.12984442710876465,-6.21,0.29,-6.15,0.9,-270.66,-280.84,1.2626
0.13184356689453125,-6.11,0.28,-6.04,0.92,-269.4,-279.23,1.2632
0.13381171226501465,-6.2,0.34,-6.12,1.03,-268.15,-278.7,1.2634
0.1358036994934082,-6.16,0.41,-6.08,1.05,-266.89,-278.16,1.2636
0.13780927658081055,-6.14,0.33,-6.07,0.98,-265.63,-276.01,1.2644
0.13983607292175293,-6.21,0.33,-6.13,1.0,-264.38,-274.94,1.2648
0.14174342155456543,-6.23,0.41,-6.16,1.05,-263.12,-273.86,1.2652
0.14375710487365723,-6.26,0.25,-6.2,0.89,-261.86,-272.25,1.2658
0.14574956893920898,-6.25,0.27,-6.19,0.86,-260.6,-270.91,1.2663
0.14774608612060547,-6.19,0.26,-6.14,0.84,-259.35,-268.76,1.2671
0.14975571632385254,-6.26,0.38,-6.2,0.91,-258.09,-267.42,1.2676
0.15169501304626465,-6.29,0.33,-6.24,0.84,-256.83,-265.27,1.2684
0.1537470817565918,-6.32,0.15,-6.29,0.62,-255.58,-263.66,1.269
0.15572333335876465,-6.33,0.2,-6.3,0.6,-254.32,-261.78,1.2697
0.1576557159423828,-6.31,0.24,-6.29,0.58,-253.06,-259.37,1.2706
0.15965676307678223,-6.27,0.21,-6.26,0.48,-251.81,-257.22,1.2714
0.16165828704833984,-6.35,0.2,-6.34,0.33,-250.55,-254.8,1.2723
0.16370630264282227,-6.43,0.15,-6.43,0.19,-249.29,-251.31,1.2736
0.16566729545593262,-6.43,0.21,-6.43,0.14,-248.04,-248.63,1.2746
0.1676197052001953,-6.42,0.21,-6.42,0.1,-246.78,-245.68,1.2757
0.16979193687438965,-6.43,0.19,-6.43,-0.02,-245.52,-243.8,1.2764
0.17166900634765625,-6.48,0.22,-6.49,-0.05,-244.26,-240.85,1.2775
0.1735999584197998,-6.47,0.15,-6.47,-0.1,-243.01,-238.7,1.2783
0.17558884620666504,-6.44,0.09,-6.44,-0.15,-241.75,-237.62,1.2787
0.1775805950164795,-6.44,0.09,-6.44,-0.18,-240.49,-236.55,1.2791
0.17959952354431152,-6.53,0.01,-6.53,-0.09,-239.24,-234.94,1.2797
0.18156909942626953,-6.46,0.01,-6.46,-0.03,-237.98,-236.28,1.2792
0.18355870246887207,-6.47,0.03,-6.47,0.15,-236.72,-236.01,1.2793
0.18554282188415527,-6.46,-0.1,-6.46,0.18,-235.47,-237.36,1.2788
0.18753552436828613,-6.49,-0.16,-6.49,0.25,-234.21,-238.7,1.2783
0.18953323364257812,-6.52,-0.27,-6.52,0.3,-232.95,-239.5,1.278
0.1914839744567871,-6.47,-0.29,-6.46,0.4,-231.7,-240.58,1.2776
0.19348478317260742,-6.43,-0.3,-6.42,0.45,-230.44,-241.11,1.2774
0.19550013542175293,-6.4,-0.42,-6.4,0.38,-229.18,-241.11,1.2774
0.19746637344360352,-6.41,-0.55,-6.43,0.3,-227.92,-240.58,1.2776
0.1994314193725586,-6.46,-0.59,-6.48,0.26,-226.67,-240.04,1.2778
0.20144248008728027,-6.5,-0.68,-6.53,0.23,-225.41,-238.7,1.2783
0.2034313678741455,-6.4,-0.65,-6.42,0.24,-224.15,-238.16,1.2785
0.20546960830688477,-6.41,-0.61,-6.43,0.34,-222.9,-236.82,1.279
0.20744061470031738,-6.41,-0.67,-6.44,0.29,-221.64,-236.55,1.2791
0.20936369895935059,-6.39,-0.71,-6.42,0.23,-220.38,-235.48,1.2795
0.21138882637023926,-6.41,-0.63,-6.43,0.3,-219.13,-233.87,1.2801
0.2133777141571045,-6.41,-0.63,-6.43,0.42,-217.87,-232.52,1.2806
0.21537137031555176,-6.35,-0.66,-6.37,0.36,-216.61,-233.06,1.2804
0.21738195419311523,-6.34,-0.53,-6.34,0.48,-215.35,-231.45,1.281
0.21931695938110352,-6.32,-0.65,-6.34,0.4,-214.1,-230.11,1.2815
0.22133207321166992,-6.42,-0.65,-6.44,0.41,-212.84,-229.57,1.2817
0.2233600616455078,-6.39,-0.66,-6.41,0.46,-211.58,-228.23,1.2822
0.22526979446411133,-6.32,-0.6,-6.33,0.48,-210.33,-227.96,1.2823
0.22733068466186523,-6.27,-0.59,-6.28,0.54,-209.07,-226.35,1.2829
0.22933459281921387,-6.32,-0.64,-6.33,0.5,-207.81,-225.81,1.2831
0.23149657249450684,-6.3,-0.67,-6.32,0.46,-206.56,-224.74,1.2835
0.23323535919189453,-6.25,-0.65,-6.27,0.5,-205.3,-223.4,1.284
0.23522520065307617,-6.26,-0.74,-6.3,0.4,-204.04,-222.59,1.2843
0.2373819351196289,-6.35,-0.66,-6.37,0.43,-202.79,-220.98,1.2849
0.23930859565734863,-6.21,-0.71,-6.25,0.28,-201.53,-218.83,1.2857
0.24119138717651367,-6.27,-0.69,-6.3,0.28,-200.27,-216.42,1.2866
0.24329853057861328,-6.28,-0.73,-6.32,0.22,-199.01,-214.54,1.2873
0.2451775074005127,-6.28,-0.73,-6.32,0.17,-197.76,-212.93,1.2879
0.247175931930542,-6.31,-0.67,-6.35,0.17,-196.5,-210.78,1.2887
0.249192476272583,-6.29,-0.66,-6.33,0.11,-195.24,-208.63,1.2895
0.25116515159606934,-6.24,-0.67,-6.28,-0.03,-193.99,-206.22,1.2904
0.2531259059906006,-6.34,-0.65,-6.38,0.03,-192.73,-202.99,1.2916
0.2551283836364746,-6.21,-0.66,-6.25,-0.1,-191.47,-202.19,1.2919
0.257127046585083,-6.25,-0.59,-6.28,-0.08,-190.22,-199.24,1.293
0.25908517837524414,-6.27,-0.63,-6.29,-0.19,-188.96,-197.09,1.2938
0.2610752582550049,-6.25,-0.5,-6.27,-0.09,-187.7,-194.67,1.2947
0.2630760669708252,-6.24,-0.49,-6.26,-0.08,-186.45,-193.06,1.2953
0.2650883197784424,-6.22,-0.44,-6.23,-0.07,-185.19,-191.72,1.2958
0.2671165466308594,-6.3,-0.33,-6.3,0.06,-183.93,-189.84,1.2965
0.26908397674560547,-6.31,-0.28,-6.32,0.07,-182.67,-189.03,1.2968
0.2710864543914795,-6.29,-0.26,-6.3,0.14,-181.42,-187.16,1.2975
0.2730896472930908,-6.29,-0.24,-6.3,0.13,-180.16,-186.62,1.2977
0.27506136894226074,-6.26,-0.23,-6.26,0.16,-178.9,-185.01,1.2983
0.27704834938049316,-6.27,-0.3,-6.28,0.2,-177.65,-183.93,1.2987
0.27905917167663574,-6.2,-0.25,-6.2,0.27,-176.39,-184.47,1.2985
0.2809731960296631,-6.27,-0.21,-6.26,0.36,-175.13,-183.67,1.2988
0.28294849395751953,-6.25,-0.23,-6.25,0.37,-173.88,-183.13,1.299
0.2849128246307373,-6.26,-0.21,-6.25,0.41,-172.62,-182.32,1.2993
0.2868955135345459,-6.27,-0.2,-6.26,0.49,-171.36,-181.52,1.2996
0.2890176773071289,-6.29,-0.16,-6.26,0.56,-170.11,-181.25,1.2997
0.29091477394104004,-6.21,-0.29,-6.21,0.42,-168.85,-180.44,1.3
0.292849063873291,-6.35,-0.15,-6.33,0.55,-167.59,-179.1,1.3005
0.2950456142425537,-6.21,-0.19,-6.19,0.54,-166.33,-177.49,1.3011
0.2968618869781494,-6.19,-0.19,-6.16,0.58,-165.08,-176.95,1.3013
0.29888916015625,-6.31,-0.14,-6.29,0.55,-163.82,-176.42,1.3015
0.30081701278686523,-6.34,-0.17,-6.32,0.58,-162.56,-173.73,1.3025
0.30279541015625,-6.29,-0.12,-6.26,0.62,-161.31,-173.2,1.3027
0.30479979515075684,-6.21,-0.17,-6.19,0.51,-160.05,-171.85,1.3032
0.30678534507751465,-6.26,-0.16,-6.23,0.58,-158.79,-169.98,1.3039
0.30875706672668457,-6.27,-0.19,-6.25,0.51,-157.54,-169.44,1.3041
0.31073641777038574,-6.21,-0.22,-6.21,0.38,-156.28,-167.56,1.3048
0.31275463104248047,-6.2,-0.26,-6.2,0.36,-155.02,-164.87,1.3058
0.31474781036376953,-6.25,-0.18,-6.24,0.3,-153.76,-163.8,1.3062
0.3167569637298584,-6.28,-0.23,-6.28,0.22,-152.51,-160.31,1.3075
0.31870460510253906,-6.32,-0.3,-6.33,0.07,-151.25,-158.7,1.3081
0.32070374488830566,-6.2,-0.4,-6.21,-0.1,-149.99,-156.02,1.3091
0.32273125648498535,-6.34,-0.34,-6.34,-0.19,-148.74,-153.6,1.31
0.3247041702270508,-6.23,-0.35,-6.23,-0.36,-147.48,-149.84,1.3114
0.3268396854400635,-6.22,-0.39,-6.21,-0.44,-146.22,-146.08,1.3128
0.3286588191986084,-6.34,-0.33,-6.33,-0.49,-144.97,-144.2,1.3135
0.3307154178619385,-6.31,-0.25,-6.3,-0.53,-143.71,-141.25,1.3146
0.3326432704925537,-6.34,-0.22,-6.31,-0.6,-142.45,-138.03,1.3158
0.3346414566040039,-6.32,-0.14,-6.3,-0.57,-141.2,-135.35,1.3168
0.3366680145263672,-6.3,-0.02,-6.29,-0.44,-139.94,-133.2,1.3176
0.3387320041656494,-6.3,-0.02,-6.28,-0.44,-138.68,-132.12,1.318
0.34061622619628906,-6.23,0.03,-6.22,-0.35,-137.42,-130.78,1.3185
0.342602014541626,-6.22,-0.02,-6.21,-0.29,-136.17,-129.98,1.3188
0.34456372261047363,-6.33,-0.06,-6.33,-0.22,-134.91,-130.51,1.3186
0.3465578556060791,-6.24,-0.14,-6.24,-0.24,-133.65,-131.05,1.3184
0.34856677055358887,-6.3,-0.2,-6.3,-0.18,-132.4,-130.78,1.3185
0.3505439758300781,-6.28,-0.21,-6.29,-0.11,-131.14,-131.32,1.3183
0.35251927375793457,-6.27,-0.35,-6.28,-0.1,-129.88,-131.59,1.3182
0.3545393943786621,-6.3,-0.37,-6.31,0.02,-128.63,-132.66,1.3178
0.35662221908569336,-6.24,-0.49,-6.26,-0.08,-127.37,-133.73,1.3174
0.3585784435272217,-6.21,-0.61,-6.24,-0.05,-126.11,-132.66,1.3178
0.36046910285949707,-6.22,-0.63,-6.25,-0.06,-124.86,-133.73,1.3174
0.36246442794799805,-6.26,-0.61,-6.29,-0.01,-123.6,-132.66,1.3178
0.3645138740539551,-6.29,-0.69,-6.33,-0.09,-122.34,-131.86,1.3181
0.3664407730102539,-6.25,-0.75,-6.3,0.02,-121.08,-130.51,1.3186
0.3684556484222412,-6.16,-0.79,-6.22,-0.02,-119.83,-132.12,1.318
0.3704972267150879,-6.13,-0.81,-6.18,-0.03,-118.57,-131.05,1.3184
0.3724689483642578,-6.18,-0.83,-6.24,0.07,-117.31,-129.98,1.3188
0.3743922710418701,-6.08,-0.83,-6.14,0.07,-116.06,-130.78,1.3185
0.37642621994018555,-6.1,-0.87,-6.16,0.08,-114.8,-129.71,1.3189
0.3783562183380127,-6.13,-0.84,-6.19,0.2,-113.54,-129.17,1.3191
0.3803536891937256,-6.07,-0.94,-6.14,0.11,-112.29,-129.17,1.3191
0.38230085372924805,-6.02,-0.89,-6.08,0.18,-111.03,-128.37,1.3194
0.38430333137512207,-6.03,-0.91,-6.09,0.28,-109.77,-127.56,1.3197
0.3863036632537842,-6.04,-0.9,-6.1,0.27,-108.51,-128.1,1.3195
0.3883187770843506,-6.01,-0.94,-6.08,0.27,-107.26,-126.76,1.32
0.3903336524963379,-6.0,-0.93,-6.06,0.28,-106.0,-125.95,1.3203
0.3922860622406006,-5.94,-0.91,-6.0,0.34,-104.74,-124.88,1.3207
0.3942744731903076,-5.96,-0.95,-6.03,0.31,-103.49,-124.34,1.3209
0.3963310718536377,-5.97,-0.92,-6.04,0.31,-102.23,-123.27,1.3213
0.398237943649292,-5.88,-0.93,-5.95,0.3,-100.97,-121.65,1.3219
0.40020751953125,-5.92,-0.91,-5.98,0.32,-99.72,-120.58,1.3223
0.4022042751312256,-5.87,-0.91,-5.93,0.34,-98.46,-119.24,1.3228
0.4042179584503174,-5.84,-0.87,-5.89,0.33,-97.2,-118.43,1.3231
0.4063069820404053,-5.83,-0.86,-5.89,0.37,-95.95,-116.55,1.3238
0.4081883430480957,-5.87,-0.87,-5.93,0.3,-94.69,-115.75,1.3241
0.41017746925354004,-5.79,-0.87,-5.85,0.34,-93.43,-113.33,1.325
0.41226959228515625,-5.79,-0.84,-5.84,0.39,-92.17,-113.06,1.3251
0.41415929794311523,-5.77,-0.84,-5.82,0.34,-90.92,-111.99,1.3255
0.4161069393157959,-5.77,-0.83,-5.83,0.27,-89.66,-110.11,1.3262
0.4181215763092041,-5.76,-0.81,-5.81,0.28,-88.4,-107.43,1.3272
0.4201071262359619,-5.8,-0.82,-5.85,0.23,-87.15,-106.08,1.3277
0.42211246490478516,-5.7,-0.8,-5.76,0.16,-85.89,-103.94,1.3285
0.42412233352661133,-5.75,-0.86,-5.82,0.09,-84.63,-101.52,1.3294
0.42605042457580566,-5.66,-0.8,-5.71,0.03,-83.38,-99.91,1.33
0.4280872344970703,-5.77,-0.82,-5.83,-0.01,-82.12,-96.69,1.3312
0.43004798889160156,-5.7,-0.79,-5.75,-0.11,-80.86,-94.81,1.3319
0.43208956718444824,-5.77,-0.77,-5.82,-0.15,-79.61,-91.32,1.3332
0.4340231418609619,-5.68,-0.79,-5.73,-0.25,-78.35,-88.9,1.3341
0.43602871894836426,-5.69,-0.73,-5.73,-0.32,-77.09,-86.49,1.335
0.4380321502685547,-5.79,-0.66,-5.82,-0.29,-75.83,-83.0,1.3363
0.4400599002838135,-5.69,-0.6,-5.71,-0.29,-74.58,-80.85,1.3371
0.4422311782836914,-5.78,-0.49,-5.79,-0.21,-73.32,-78.7,1.3379
0.44401979446411133,-5.72,-0.43,-5.73,-0.18,-72.06,-76.82,1.3386
0.4459493160247803,-5.71,-0.37,-5.72,-0.16,-70.81,-75.21,1.3392
0.44794440269470215,-5.75,-0.33,-5.76,-0.12,-69.55,-73.33,1.3399
0.4499192237854004,-5.73,-0.26,-5.73,-0.06,-68.29,-71.99,1.3404
0.45189619064331055,-5.82,-0.23,-5.82,0.01,-67.04,-70.65,1.3409
0.45389890670776367,-5.76,-0.24,-5.77,-0.01,-65.78,-70.11,1.3411
0.4560360908508301,-5.67,-0.24,-5.67,-0.03,-64.52,-68.5,1.3417
0.45791053771972656,-5.73,-0.2,-5.73,0.02,-63.26,-66.89,1.3423
0.4598512649536133,-5.79,-0.23,-5.8,-0.04,-62.01,-66.09,1.3426
0.4618494510650635,-5.72,-0.26,-5.72,-0.1,-60.75,-63.94,1.3434
0.46387338638305664,-5.76,-0.29,-5.77,-0.18,-59.49,-62.33,1.344
0.46587443351745605,-5.76,-0.28,-5.76,-0.25,-58.24,-60.18,1.3448
0.4678475856781006,-5.77,-0.29,-5.77,-0.29,-56.98,-57.5,1.3458
0.469834566116333,-5.74,-0.37,-5.74,-0.44,-55.72,-55.62,1.3465
0.471818208694458,-5.79,-0.32,-5.77,-0.58,-54.47,-53.2,1.3474
0.47383832931518555,-5.73,-0.3,-5.7,-0.62,-53.21,-48.64,1.3491
0.4757559299468994,-5.82,-0.31,-5.78,-0.79,-51.95,-46.49,1.3499
0.47777748107910156,-5.83,-0.28,-5.78,-0.81,-50.7,-42.46,1.3514
0.4798767566680908,-5.85,-0.2,-5.8,-0.82,-49.44,-40.32,1.3522
0.4817953109741211,-5.92,-0.08,-5.86,-0.81,-48.18,-37.63,1.3532
0.4837617874145508,-5.82,0.0,-5.76,-0.8,-46.92,-34.41,1.3544
0.48575878143310547,-5.86,0.08,-5.81,-0.74,-45.67,-31.99,1.3553
0.48772263526916504,-5.8,0.24,-5.78,-0.5,-44.41,-30.11,1.356
0.4897592067718506,-5.79,0.35,-5.78,-0.38,-43.15,-30.11,1.356
0.49172019958496094,-5.71,0.41,-5.72,-0.34,-41.9,-29.04,1.3564
0.49369311332702637,-5.86,0.42,-5.87,-0.27,-40.64,-27.43,1.357
0.49580979347229004,-5.89,0.41,-5.9,-0.18,-39.38,-27.43,1.357
0.4976675510406494,-5.82,0.41,-5.83,-0.07,-38.13,-27.97,1.3568
0.49967408180236816,-5.84,0.42,-5.86,-0.1,-36.87,-28.5,1.3566
0.5016162395477295,-5.84,0.32,-5.84,-0.06,-35.61,0.42,1.3573
0.5036284923553467,-5.89,0.25,-5.89,-0.06,-34.36,-27.7,1.3569
0.5058393478393555,-5.83,0.23,-5.83,-0.04,-33.1,-27.7,1.3569
0.5076344013214111,-5.84,0.14,-5.84,-0.08,-31.84,0.15,1.3572
0.5096156597137451,-5.83,0.09,-5.83,-0.04,-30.58,0.42,1.3573
0.511599063873291,-5.89,0.04,-5.89,-0.02,-29.33,0.15,1.3572
0.5135982036590576,-5.8,0.0,-5.8,0.0,-28.07,0.15,1.3572
0.515582799911499,-5.83,-0.12,-5.83,-0.08,0.23,0.42,1.3573
0.5175731182098389,-5.85,-0.12,-5.86,-0.09,1.48,0.69,1.3574
0.5195419788360596,-5.82,-0.17,-5.82,0.0,2.74,2.3,1.358
0.5215318202972412,-5.85,-0.26,-5.86,-0.03,4.0,0.95,1.3575
0.5235576629638672,-5.77,-0.23,-5.78,0.1,5.25,1.22,1.3576
0.5255229473114014,-5.84,-0.31,-5.85,0.02,6.51,0.69,1.3574
0.5274801254272461,-5.86,-0.38,-5.87,0.05,7.77,2.03,1.3579
0.5294811725616455,-5.82,-0.39,-5.84,0.08,9.02,1.49,1.3577
0.5315268039703369,-5.84,-0.43,-5.86,0.15,10.28,2.03,1.3579
0.5334792137145996,-5.83,-0.44,-5.85,0.16,11.54,1.49,1.3577
0.5354650020599365,-5.78,-0.45,-5.79,0.21,12.79,2.3,1.358
0.5374283790588379,-5.68,-0.44,-5.69,0.29,14.05,2.56,1.3581
0.5394854545593262,-5.69,-0.44,-5.7,0.28,15.31,2.3,1.358
0.5414879322052002,-5.76,-0.48,-5.77,0.34,16.56,3.91,1.3586
0.5433809757232666,-5.81,-0.54,-5.83,0.27,17.82,3.37,1.3584
0.5453534126281738,-5.75,-0.46,-5.76,0.4,19.08,4.98,1.359
0.547356367111206,-5.74,-0.51,-5.75,0.37,20.33,5.25,1.3591
0.5493500232696533,-5.66,-0.42,-5.66,0.46,21.59,6.05,1.3594
0.5513522624969482,-5.7,-0.42,-5.7,0.43,22.85,7.13,1.3598
0.5533344745635986,-5.71,-0.39,-5.7,0.47,24.1,9.01,1.3605
0.5554201602935791,-5.77,-0.42,-5.77,0.51,25.36,10.08,1.3609
0.5573952198028564,-5.73,-0.42,-5.72,0.47,26.62,10.35,1.361
0.5593230724334717,-5.7,-0.32,-5.68,0.54,27.87,12.23,1.3617
0.5612747669219971,-5.72,-0.4,-5.71,0.54,29.13,13.84,1.3623
0.563274621963501,-5.66,-0.33,-5.64,0.57,30.39,13.84,1.3623
0.5652799606323242,-5.66,-0.31,-5.64,0.61,31.64,15.72,1.363
0.5672731399536133,-5.74,-0.37,-5.72,0.54,32.9,16.52,1.3633
0.5693719387054443,-5.68,-0.25,-5.64,0.69,34.16,18.13,1.3639
0.5712282657623291,-5.69,-0.31,-5.67,0.59,35.41,18.67,1.3641
0.5732817649841309,-5.7,-0.29,-5.68,0.52,36.67,20.82,1.3649
0.5752358436584473,-5.74,-0.25,-5.72,0.56,37.93,23.5,1.3659
0.5772137641906738,-5.74,-0.35,-5.73,0.41,39.18,24.85,1.3664
0.5791850090026855,-5.69,-0.25,-5.68,0.5,40.44,26.99,1.3672
0.5811812877655029,-5.68,-0.25,-5.68,0.4,41.7,28.34,1.3677
0.583221435546875,-5.7,-0.26,-5.69,0.36,42.95,31.29,1.3688
0.58516526222229,-5.75,-0.34,-5.76,0.22,44.21,33.17,1.3695
0.5871672630310059,-5.74,-0.3,-5.75,0.19,45.47,35.58,1.3704
0.58913254737854,-5.77,-0.23,-5.77,0.18,46.72,38.0,1.3713
0.5911328792572021,-5.78,-0.13,-5.78,0.19,47.98,40.68,1.3723
0.5930624008178711,-5.78,-0.08,-5.78,0.15,49.24,43.64,1.3734
0.5950527191162109,-5.76,0.01,-5.75,0.24,50.49,46.32,1.3744
0.5970392227172852,-5.82,0.0,-5.81,0.21,51.75,47.66,1.3749
0.599052906036377,-5.84,0.14,-5.83,0.32,53.01,49.27,1.3755
0.6010303497314453,-5.75,0.27,-5.73,0.5,54.26,51.15,1.3762
0.6030526161193848,-5.85,0.27,-5.83,0.57,55.52,51.42,1.3763
0.6050403118133545,-5.84,0.28,-5.82,0.54,56.78,51.69,1.3764
0.6070902347564697,-5.9,0.39,-5.87,0.69,58.03,53.57,1.3771
0.608945369720459,-5.85,0.45,-5.82,0.75,59.29,54.11,1.3773
0.6109538078308105,-5.85,0.46,-5.81,0.78,60.55,55.45,1.3778
0.6130175590515137,-5.92,0.48,-5.88,0.88,61.8,56.25,1.3781
0.6149454116821289,-5.89,0.46,-5.84,0.9,63.06,56.25,1.3781
0.6169538497924805,-5.9,0.51,-5.83,1.01,64.32,56.79,1.3783
0.618905782699585,-5.91,0.51,-5.85,0.97,65.57,57.06,1.3784
0.620929479598999,-5.97,0.39,-5.92,0.9,66.83,58.94,1.3791
0.6230411529541016,-5.94,0.45,-5.88,0.95,68.09,59.47,1.3793
0.6248898506164551,-6.04,0.43,-5.98,0.89,69.34,60.82,1.3798
0.6268494129180908,-5.99,0.51,-5.92,1.02,70.6,62.96,1.3806
0.6288678646087646,-6.0,0.48,-5.95,0.94,71.86,63.23,1.3807
0.6308479309082031,-6.09,0.49,-6.02,1.02,73.11,65.38,1.3815
0.6327958106994629,-5.98,0.44,-5.93,0.91,74.37,65.65,1.3816
0.634793758392334,-6.01,0.48,-5.96,0.93,75.63,67.8,1.3824
0.6368045806884766,-6.05,0.43,-6.0,0.84,76.88,69.41,1.383
0.6388862133026123,-6.11,0.5,-6.07,0.86,78.14,71.29,1.3837
0.6408188343048096,-6.06,0.51,-6.02,0.86,79.4,73.43,1.3845
0.642754316329956,-6.16,0.45,-6.13,0.76,80.65,74.78,1.385
0.6447644233703613,-6.11,0.55,-6.08,0.82,81.91,76.92,1.3858
0.6467626094818115,-6.16,0.54,-6.14,0.76,83.17,78.8,1.3865
0.6487200260162354,-6.15,0.48,-6.14,0.64,84.42,80.95,1.3873
0.650714635848999,-6.17,0.43,-6.16,0.48,85.68,83.1,1.3881
0.6527040004730225,-6.21,0.5,-6.2,0.52,86.94,86.05,1.3892
0.6546990871429443,-6.24,0.49,-6.23,0.53,88.19,87.93,1.3899
0.6567449569702148,-6.24,0.51,-6.24,0.46,89.45,88.74,1.3902
0.6586534976959229,-6.25,0.59,-6.26,0.43,90.71,91.42,1.3912
0.6606624126434326,-6.34,0.61,-6.35,0.41,91.96,94.64,1.3924
0.6626524925231934,-6.38,0.61,-6.4,0.34,93.22,96.25,1.393
0.664649486541748,-6.32,0.6,-6.33,0.38,94.48,98.67,1.3939
0.6666886806488037,-6.4,0.55,-6.42,0.32,95.73,99.21,1.3941
0.6686480045318604,-6.39,0.47,-6.4,0.25,96.99,100.55,1.3946
0.6706037521362305,-6.44,0.53,-6.45,0.34,98.25,101.62,1.395
0.6727509498596191,-6.39,0.39,-6.39,0.35,99.5,102.43,1.3953
0.674602746963501,-6.37,0.35,-6.37,0.42,100.76,101.35,1.3949
0.6765756607055664,-6.41,0.25,-6.4,0.39,102.02,100.82,1.3947
0.6785809993743896,-6.44,0.25,-6.41,0.59,103.27,101.08,1.3948
0.6805813312530518,-6.37,0.13,-6.34,0.6,104.53,99.21,1.3941
0.6826438903808594,-6.41,0.11,-6.37,0.69,105.79,98.4,1.3938
0.6845204830169678,-6.36,0.03,-6.32,0.69,107.04,97.86,1.3936
0.6865365505218506,-6.38,-0.04,-6.35,0.66,108.3,97.86,1.3936
0.6885380744934082,-6.4,-0.1,-6.36,0.65,109.56,98.4,1.3938
0.6905021667480469,-6.41,-0.12,-6.37,0.74,110.81,98.94,1.394
0.6924879550933838,-6.39,-0.22,-6.37,0.65,112.07,98.4,1.3938
0.6944639682769775,-6.43,-0.25,-6.41,0.59,113.33,99.47,1.3942
0.6964690685272217,-6.36,-0.32,-6.34,0.57,114.58,101.35,1.3949
0.6984500885009766,-6.38,-0.26,-6.35,0.73,115.84,101.62,1.395
0.7004361152648926,-6.35,-0.38,-6.33,0.59,117.09,101.35,1.3949
0.7024328708648682,-6.32,-0.33,-6.29,0.69,118.35,102.96,1.3955
0.7044200897216797,-6.35,-0.34,-6.32,0.72,119.61,103.23,1.3956
0.706432580947876,-6.36,-0.3,-6.32,0.79,120.86,104.04,1.3959
0.7084014415740967,-6.41,-0.41,-6.39,0.7,122.12,104.84,1.3962
0.7103939056396484,-6.45,-0.35,-6.4,0.84,123.38,105.92,1.3966
0.7123737335205078,-6.39,-0.4,-6.35,0.83,124.63,105.92,1.3966
0.71439528465271,-6.33,-0.37,-6.29,0.82,125.89,106.45,1.3968
0.7163872718811035,-6.29,-0.33,-6.23,0.92,127.15,108.33,1.3975
0.7183279991149902,-6.38,-0.4,-6.33,0.92,128.4,108.33,1.3975
0.7203552722930908,-6.38,-0.39,-6.33,0.87,129.66,108.87,1.3977
0.7222781181335449,-6.25,-0.34,-6.19,0.98,130.92,111.02,1.3985
0.72432541847229,-6.33,-0.31,-6.25,1.03,132.17,111.02,1.3985
0.7263078689575195,-6.3,-0.38,-6.25,0.88,133.43,112.09,1.3989
0.7283356189727783,-6.33,-0.41,-6.29,0.82,134.69,114.51,1.3998
0.7305035591125488,-6.27,-0.37,-6.22,0.93,135.94,116.39,1.4005
0.732252836227417,-6.34,-0.36,-6.28,0.92,137.2,116.39,1.4005
0.7342288494110107,-6.33,-0.42,-6.28,0.86,138.45,118.0,1.4011
0.7362332344055176,-6.31,-0.32,-6.26,0.88,139.71,119.34,1.4016
0.7382245063781738,-6.3,-0.33,-6.26,0.79,140.97,121.75,1.4025
0.7401998043060303,-6.3,-0.44,-6.27,0.7,142.22,124.17,1.4034
0.7422113418579102,-6.3,-0.41,-6.27,0.69,143.48,125.24,1.4038
0.744194746017456,-6.3,-0.53,-6.3,0.55,144.74,127.12,1.4045
0.7461738586425781,-6.32,-0.47,-6.32,0.45,145.99,128.73,1.4051
0.7481305599212646,-6.18,-0.44,-6.18,0.47,147.25,132.49,1.4065
0.7501480579376221,-6.25,-0.52,-6.27,0.29,148.51,133.57,1.4069
0.7521262168884277,-6.28,-0.45,-6.29,0.26,149.76,136.79,1.4081
0.7540724277496338,-6.31,-0.44,-6.32,0.14,151.02,139.47,1.4091
0.7561686038970947,-6.34,-0.42,-6.35,0.09,152.28,142.96,1.4104
0.7581033706665039,-6.31,-0.37,-6.32,0.0,153.53,145.38,1.4113
0.7601003646850586,-6.38,-0.36,-6.39,0.02,154.79,148.87,1.4126
0.7620835304260254,-6.34,-0.25,-6.34,0.05,156.04,149.94,1.413
0.7640900611877441,-6.42,-0.17,-6.42,0.08,157.3,152.36,1.4139
0.766096830368042,-6.38,-0.09,-6.38,0.17,158.56,154.51,1.4147
0.7680847644805908,-6.38,-0.03,-6.38,0.23,159.81,155.58,1.4151
0.7700822353363037,-6.39,0.02,-6.38,0.33,161.07,156.92,1.4156
0.7721138000488281,-6.42,0.04,-6.4,0.45,162.33,157.46,1.4158
0.7740426063537598,-6.45,0.06,-6.42,0.56,163.58,157.19,1.4157
0.776055097579956,-6.31,0.08,-6.28,0.64,164.84,157.19,1.4157
0.7780747413635254,-6.35,0.15,-6.31,0.74,166.1,157.19,1.4157
0.779930591583252,-6.41,0.09,-6.37,0.76,167.35,157.99,1.416
0.781923770904541,-6.33,0.02,-6.3,0.69,168.61,158.26,1.4161
0.7839202880859375,-6.38,-0.01,-6.35,0.67,169.87,159.34,1.4165
0.7859199047088623,-6.36,0.05,-6.32,0.74,171.12,160.41,1.4169
0.7879049777984619,-6.31,0.01,-6.27,0.73,172.38,161.48,1.4173
0.7899332046508789,-6.41,0.06,-6.36,0.81,173.64,162.29,1.4176
0.7919149398803711,-6.34,0.04,-6.3,0.74,174.89,163.1,1.4179
